{
    "reprojection_error": 0.040957229957558156,
    "camera_matrix": [
        [
            536.073410226465,
            0.0,
            342.37039290542583
        ],
        [
            0.0,
            536.016323423963,
            235.5368607398445
        ],
        [
            0.0,
            0.0,
            1.0
        ]
    ],
    "distortion_coefficients": [
        -0.26508975883824676,
        -0.04674612430820105,
        0.0018330211733687419,
        -0.00031471585921873926,
        0.25231985197068363
    ],
    "note": "Intrinsics formatted for NeRF/3DGS pipeline preprocessing"
}